presence_of_dyslexia,file_path,text
0,../data_dysgraphia/normal_handwriting_images/normal_sample_001.jpg,"My best friend, Florence, has a purple pet turtle. Florence likes to go to the cafe."
0,../data_dysgraphia/normal_handwriting_images/normal_sample_002.jpg,"My best friend, Noah, has a blue pet cat. Noah likes to play at the art gallery."
0,../data_dysgraphia/normal_handwriting_images/normal_sample_003.jpg,"My best friend, Charlie, has a white pet parrot. Charlie likes to visit the playground."
0,../data_dysgraphia/normal_handwriting_images/normal_sample_004.jpg,"My best friend, William, has a silver pet ferret. William likes to visit the playground."
0,../data_dysgraphia/normal_handwriting_images/normal_sample_005.jpg,"My best friend, Charlie, has a turquoise pet snake. Charlie likes to play at the river."
0,../data_dysgraphia/normal_handwriting_images/normal_sample_006.jpg,"My best friend, Rachel, has a silver pet fish. Rachel likes to go to the bookstore."
0,../data_dysgraphia/normal_handwriting_images/normal_sample_007.jpg,"My best friend, Harper, has a blue pet rabbit. Harper likes to play at the bookstore."
0,../data_dysgraphia/normal_handwriting_images/normal_sample_008.jpg,"My best friend, Tina, has a orange pet cat. Tina likes to play at the shopping mall."
0,../data_dysgraphia/normal_handwriting_images/normal_sample_009.jpg,"My best friend, Sam, has a silver pet cat. Sam likes to visit the swimming pool."
0,../data_dysgraphia/normal_handwriting_images/normal_sample_010.jpg,"My best friend, Laura, has a yellow pet snake. Laura likes to go to the restaurant."
0,../data_dysgraphia/normal_handwriting_images/normal_sample_011.jpg,"My best friend, Rachel, has a blue pet rat. Rachel likes to play at the beach."
0,../data_dysgraphia/normal_handwriting_images/normal_sample_012.jpg,"My best friend, Riley, has a purple pet hedgehog. Riley likes to take a trip to the museum."
0,../data_dysgraphia/normal_handwriting_images/normal_sample_013.jpg,"My best friend, Lucas, has a beige pet canary. Lucas likes to visit the restaurant."
0,../data_dysgraphia/normal_handwriting_images/normal_sample_014.jpg,"My best friend, Zack, has a black pet hedgehog. Zack likes to visit the river."
0,../data_dysgraphia/normal_handwriting_images/normal_sample_015.jpg,"My best friend, Jackson, has a teal pet snake. Jackson likes to take a trip to the cinema."
0,../data_dysgraphia/normal_handwriting_images/normal_sample_016.jpg,"My best friend, Umar, has a silver pet axolotl. Umar likes to take a trip to the gym."
0,../data_dysgraphia/normal_handwriting_images/normal_sample_017.jpg,"My best friend, Bob, has a teal pet lizard. Bob likes to take a trip to the stadium."
0,../data_dysgraphia/normal_handwriting_images/normal_sample_018.jpg,"My best friend, Scarlett, has a teal pet cat. Scarlett likes to go to the mountains."
0,../data_dysgraphia/normal_handwriting_images/normal_sample_019.jpg,"My best friend, Luca, has a maroon pet budgie. Luca likes to visit the library."
0,../data_dysgraphia/normal_handwriting_images/normal_sample_020.jpg,"My best friend, Diana, has a yellow pet hamster. Diana likes to play at the stadium."
0,../data_dysgraphia/normal_handwriting_images/normal_sample_021.jpg,"My best friend, Mia, has a maroon pet hamster. Mia likes to go to the museum."
0,../data_dysgraphia/normal_handwriting_images/normal_sample_022.jpg,"My best friend, Emily, has a grey pet rat. Emily likes to take a trip to the forest."
0,../data_dysgraphia/normal_handwriting_images/normal_sample_023.jpg,"My best friend, Evelyn, has a teal pet rabbit. Evelyn likes to take a trip to the lake."
0,../data_dysgraphia/normal_handwriting_images/normal_sample_024.jpg,"My best friend, Bob, has a turquoise pet rabbit. Bob likes to take a trip to the mountains."
0,../data_dysgraphia/normal_handwriting_images/normal_sample_025.jpg,"My best friend, Laura, has a pink pet snake. Laura likes to visit the swimming pool."
0,../data_dysgraphia/normal_handwriting_images/normal_sample_026.jpg,"My best friend, Diana, has a brown pet canary. Diana likes to visit the museum."
0,../data_dysgraphia/normal_handwriting_images/normal_sample_027.jpg,"My best friend, Lucas, has a beige pet cat. Lucas likes to play at the swimming pool."
0,../data_dysgraphia/normal_handwriting_images/normal_sample_028.jpg,"My best friend, Laura, has a blue pet budgie. Laura likes to visit the art gallery."
0,../data_dysgraphia/normal_handwriting_images/normal_sample_029.jpg,"My best friend, Michael, has a indigo pet budgie. Michael likes to take a trip to the cafe."
0,../data_dysgraphia/normal_handwriting_images/normal_sample_030.jpg,"My best friend, Ava, has a lavender pet canary. Ava likes to go to the lake."
0,../data_dysgraphia/normal_handwriting_images/normal_sample_031.jpg,"My best friend, Nora, has a pink pet snake. Nora likes to take a trip to the river."
0,../data_dysgraphia/normal_handwriting_images/normal_sample_032.jpg,"My best friend, Quinn, has a black pet dog. Quinn likes to visit the stadium."
0,../data_dysgraphia/normal_handwriting_images/normal_sample_033.jpg,"My best friend, Scarlett, has a yellow pet rabbit. Scarlett likes to go to the restaurant."
0,../data_dysgraphia/normal_handwriting_images/normal_sample_034.jpg,"My best friend, Leo, has a white pet gerbil. Leo likes to play at the art gallery."
0,../data_dysgraphia/normal_handwriting_images/normal_sample_035.jpg,"My best friend, George, has a maroon pet canary. George likes to take a trip to the art gallery."
0,../data_dysgraphia/normal_handwriting_images/normal_sample_036.jpg,"My best friend, Charlie, has a navy pet hedgehog. Charlie likes to take a trip to the cinema."
0,../data_dysgraphia/normal_handwriting_images/normal_sample_037.jpg,"My best friend, Jasmine, has a indigo pet cat. Jasmine likes to play at the bookstore."
0,../data_dysgraphia/normal_handwriting_images/normal_sample_038.jpg,"My best friend, Liam, has a silver pet dog. Liam likes to visit the swimming pool."
0,../data_dysgraphia/normal_handwriting_images/normal_sample_039.jpg,"My best friend, Alice, has a white pet budgie. Alice likes to take a trip to the lake."
0,../data_dysgraphia/normal_handwriting_images/normal_sample_040.jpg,"My best friend, George, has a maroon pet budgie. George likes to visit the playground."
0,../data_dysgraphia/normal_handwriting_images/normal_sample_041.jpg,"My best friend, Scarlett, has a pink pet guinea pig. Scarlett likes to go to the park."
0,../data_dysgraphia/normal_handwriting_images/normal_sample_042.jpg,"My best friend, Isabella, has a navy pet budgie. Isabella likes to play at the mountains."
0,../data_dysgraphia/normal_handwriting_images/normal_sample_043.jpg,"My best friend, Zack, has a orange pet canary. Zack likes to play at the mountains."
0,../data_dysgraphia/normal_handwriting_images/normal_sample_044.jpg,"My best friend, Olivia, has a grey pet guinea pig. Olivia likes to visit the zoo."
0,../data_dysgraphia/normal_handwriting_images/normal_sample_045.jpg,"My best friend, William, has a turquoise pet rabbit. William likes to take a trip to the museum."
0,../data_dysgraphia/normal_handwriting_images/normal_sample_046.jpg,"My best friend, Emma, has a red pet mouse. Emma likes to visit the museum."
0,../data_dysgraphia/normal_handwriting_images/normal_sample_047.jpg,"My best friend, Laura, has a pink pet fish. Laura likes to go to the art gallery."
0,../data_dysgraphia/normal_handwriting_images/normal_sample_048.jpg,"My best friend, Florence, has a gold pet ferret. Florence likes to play at the river."
0,../data_dysgraphia/normal_handwriting_images/normal_sample_049.jpg,"My best friend, George, has a yellow pet cat. George likes to take a trip to the art gallery."
0,../data_dysgraphia/normal_handwriting_images/normal_sample_050.jpg,"My best friend, Charlie, has a green pet dog. Charlie likes to visit the museum."
0,../data_dysgraphia/normal_handwriting_images/normal_sample_051.jpg,"My best friend, Riley, has a orange pet hamster. Riley likes to play at the zoo."
0,../data_dysgraphia/normal_handwriting_images/normal_sample_052.jpg,"My best friend, Tina, has a pink pet parrot. Tina likes to play at the beach."
0,../data_dysgraphia/normal_handwriting_images/normal_sample_053.jpg,"My best friend, Mia, has a yellow pet mouse. Mia likes to play at the zoo."
0,../data_dysgraphia/normal_handwriting_images/normal_sample_054.jpg,"My best friend, Hannah, has a blue pet cat. Hannah likes to visit the museum."
0,../data_dysgraphia/normal_handwriting_images/normal_sample_055.jpg,"My best friend, Grace, has a teal pet gerbil. Grace likes to visit the concert hall."
0,../data_dysgraphia/normal_handwriting_images/normal_sample_056.jpg,"My best friend, Charlie, has a silver pet gecko. Charlie likes to play at the shopping mall."
0,../data_dysgraphia/normal_handwriting_images/normal_sample_057.jpg,"My best friend, Olivia, has a red pet gecko. Olivia likes to go to the stadium."
0,../data_dysgraphia/normal_handwriting_images/normal_sample_058.jpg,"My best friend, Oliver, has a black pet budgie. Oliver likes to play at the lake."
0,../data_dysgraphia/normal_handwriting_images/normal_sample_059.jpg,"My best friend, Hannah, has a yellow pet fish. Hannah likes to take a trip to the playground."
0,../data_dysgraphia/normal_handwriting_images/normal_sample_060.jpg,"My best friend, Violet, has a silver pet hedgehog. Violet likes to take a trip to the beach."
0,../data_dysgraphia/normal_handwriting_images/normal_sample_061.jpg,"My best friend, Laura, has a black pet parrot. Laura likes to take a trip to the gym."
0,../data_dysgraphia/normal_handwriting_images/normal_sample_062.jpg,"My best friend, Bob, has a navy pet ferret. Bob likes to visit the park."
0,../data_dysgraphia/normal_handwriting_images/normal_sample_063.jpg,"My best friend, Hannah, has a turquoise pet parrot. Hannah likes to take a trip to the gym."
0,../data_dysgraphia/normal_handwriting_images/normal_sample_064.jpg,"My best friend, Riley, has a navy pet fish. Riley likes to play at the cinema."
0,../data_dysgraphia/normal_handwriting_images/normal_sample_065.jpg,"My best friend, Grace, has a gold pet gerbil. Grace likes to go to the library."
0,../data_dysgraphia/normal_handwriting_images/normal_sample_066.jpg,"My best friend, Jasmine, has a green pet parrot. Jasmine likes to play at the forest."
0,../data_dysgraphia/normal_handwriting_images/normal_sample_067.jpg,"My best friend, Emily, has a indigo pet mouse. Emily likes to go to the beach."
0,../data_dysgraphia/normal_handwriting_images/normal_sample_068.jpg,"My best friend, Luca, has a navy pet budgie. Luca likes to go to the beach."
0,../data_dysgraphia/normal_handwriting_images/normal_sample_069.jpg,"My best friend, Charlie, has a pink pet hamster. Charlie likes to take a trip to the concert hall."
0,../data_dysgraphia/normal_handwriting_images/normal_sample_070.jpg,"My best friend, Bob, has a pink pet hedgehog. Bob likes to take a trip to the river."
0,../data_dysgraphia/normal_handwriting_images/normal_sample_071.jpg,"My best friend, Luca, has a blue pet gecko. Luca likes to play at the beach."
0,../data_dysgraphia/normal_handwriting_images/normal_sample_072.jpg,"My best friend, Penny, has a blue pet chinchilla. Penny likes to visit the stadium."
0,../data_dysgraphia/normal_handwriting_images/normal_sample_073.jpg,"My best friend, Ella, has a turquoise pet rat. Ella likes to play at the bookstore."
0,../data_dysgraphia/normal_handwriting_images/normal_sample_074.jpg,"My best friend, Michael, has a silver pet guinea pig. Michael likes to play at the cafe."
0,../data_dysgraphia/normal_handwriting_images/normal_sample_075.jpg,"My best friend, Umar, has a turquoise pet guinea pig. Umar likes to go to the cafe."
0,../data_dysgraphia/normal_handwriting_images/normal_sample_076.jpg,"My best friend, Liam, has a white pet budgie. Liam likes to visit the concert hall."
0,../data_dysgraphia/normal_handwriting_images/normal_sample_077.jpg,"My best friend, Violet, has a silver pet dog. Violet likes to visit the park."
0,../data_dysgraphia/normal_handwriting_images/normal_sample_078.jpg,"My best friend, Aiden, has a green pet chinchilla. Aiden likes to visit the art gallery."
0,../data_dysgraphia/normal_handwriting_images/normal_sample_079.jpg,"My best friend, Charlie, has a green pet guinea pig. Charlie likes to take a trip to the cafe."
0,../data_dysgraphia/normal_handwriting_images/normal_sample_080.jpg,"My best friend, Riley, has a white pet hedgehog. Riley likes to play at the stadium."
0,../data_dysgraphia/normal_handwriting_images/normal_sample_081.jpg,"My best friend, Penny, has a green pet ferret. Penny likes to visit the river."
0,../data_dysgraphia/normal_handwriting_images/normal_sample_082.jpg,"My best friend, Chloe, has a orange pet ferret. Chloe likes to go to the zoo."
0,../data_dysgraphia/normal_handwriting_images/normal_sample_083.jpg,"My best friend, Isaac, has a white pet parrot. Isaac likes to take a trip to the cinema."
0,../data_dysgraphia/normal_handwriting_images/normal_sample_084.jpg,"My best friend, William, has a pink pet gerbil. William likes to play at the river."
0,../data_dysgraphia/normal_handwriting_images/normal_sample_085.jpg,"My best friend, William, has a indigo pet mouse. William likes to visit the stadium."
0,../data_dysgraphia/normal_handwriting_images/normal_sample_086.jpg,"My best friend, Jennifer, has a black pet axolotl. Jennifer likes to take a trip to the park."
0,../data_dysgraphia/normal_handwriting_images/normal_sample_087.jpg,"My best friend, Zack, has a blue pet turtle. Zack likes to play at the playground."
0,../data_dysgraphia/normal_handwriting_images/normal_sample_088.jpg,"My best friend, Hannah, has a maroon pet gerbil. Hannah likes to take a trip to the lake."
0,../data_dysgraphia/normal_handwriting_images/normal_sample_089.jpg,"My best friend, Chloe, has a indigo pet hamster. Chloe likes to play at the swimming pool."
0,../data_dysgraphia/normal_handwriting_images/normal_sample_090.jpg,"My best friend, Zack, has a brown pet ferret. Zack likes to play at the lake."
0,../data_dysgraphia/normal_handwriting_images/normal_sample_091.jpg,"My best friend, Ella, has a pink pet parrot. Ella likes to play at the beach."
0,../data_dysgraphia/normal_handwriting_images/normal_sample_092.jpg,"My best friend, Mia, has a purple pet canary. Mia likes to go to the stadium."
0,../data_dysgraphia/normal_handwriting_images/normal_sample_093.jpg,"My best friend, Fiona, has a yellow pet hamster. Fiona likes to go to the swimming pool."
0,../data_dysgraphia/normal_handwriting_images/normal_sample_094.jpg,"My best friend, Fiona, has a lavender pet cat. Fiona likes to take a trip to the zoo."
0,../data_dysgraphia/normal_handwriting_images/normal_sample_095.jpg,"My best friend, Isaac, has a teal pet fish. Isaac likes to play at the stadium."
0,../data_dysgraphia/normal_handwriting_images/normal_sample_096.jpg,"My best friend, Zack, has a white pet ferret. Zack likes to go to the gym."
0,../data_dysgraphia/normal_handwriting_images/normal_sample_097.jpg,"My best friend, Chloe, has a white pet turtle. Chloe likes to visit the library."
0,../data_dysgraphia/normal_handwriting_images/normal_sample_098.jpg,"My best friend, Jackson, has a yellow pet turtle. Jackson likes to take a trip to the park."
0,../data_dysgraphia/normal_handwriting_images/normal_sample_099.jpg,"My best friend, Riley, has a blue pet canary. Riley likes to take a trip to the river."
0,../data_dysgraphia/normal_handwriting_images/normal_sample_100.jpg,"My best friend, Noah, has a navy pet rat. Noah likes to take a trip to the gym."
0,../data_dysgraphia/normal_handwriting_images/normal_sample_101.jpg,"My best friend, Emily, has a yellow pet lizard. Emily likes to go to the concert hall."
0,../data_dysgraphia/normal_handwriting_images/normal_sample_102.jpg,"My best friend, Sam, has a gold pet canary. Sam likes to visit the bookstore."
0,../data_dysgraphia/normal_handwriting_images/normal_sample_103.jpg,"My best friend, Chloe, has a black pet axolotl. Chloe likes to play at the cinema."
0,../data_dysgraphia/normal_handwriting_images/normal_sample_104.jpg,"My best friend, Jennifer, has a orange pet parrot. Jennifer likes to take a trip to the stadium."
0,../data_dysgraphia/normal_handwriting_images/normal_sample_105.jpg,"My best friend, Leo, has a white pet parrot. Leo likes to visit the river."
0,../data_dysgraphia/normal_handwriting_images/normal_sample_106.jpg,"My best friend, Luca, has a grey pet rat. Luca likes to play at the lake."
0,../data_dysgraphia/normal_handwriting_images/normal_sample_107.jpg,"My best friend, Noah, has a lavender pet rat. Noah likes to visit the art gallery."
0,../data_dysgraphia/normal_handwriting_images/normal_sample_108.jpg,"My best friend, Sophia, has a lavender pet rat. Sophia likes to visit the swimming pool."
0,../data_dysgraphia/normal_handwriting_images/normal_sample_109.jpg,"My best friend, Noah, has a pink pet chinchilla. Noah likes to play at the swimming pool."
0,../data_dysgraphia/normal_handwriting_images/normal_sample_110.jpg,"My best friend, Alice, has a white pet rat. Alice likes to go to the cinema."
0,../data_dysgraphia/normal_handwriting_images/normal_sample_111.jpg,"My best friend, Abigail, has a white pet hamster. Abigail likes to take a trip to the mountains."
0,../data_dysgraphia/normal_handwriting_images/normal_sample_112.jpg,"My best friend, Alice, has a yellow pet gerbil. Alice likes to go to the art gallery."
0,../data_dysgraphia/normal_handwriting_images/normal_sample_113.jpg,"My best friend, Umar, has a black pet lizard. Umar likes to play at the art gallery."
0,../data_dysgraphia/normal_handwriting_images/normal_sample_114.jpg,"My best friend, Luca, has a purple pet fish. Luca likes to go to the forest."
0,../data_dysgraphia/normal_handwriting_images/normal_sample_115.jpg,"My best friend, Zoe, has a indigo pet gerbil. Zoe likes to take a trip to the lake."
0,../data_dysgraphia/normal_handwriting_images/normal_sample_116.jpg,"My best friend, Michael, has a blue pet cat. Michael likes to play at the restaurant."
0,../data_dysgraphia/normal_handwriting_images/normal_sample_117.jpg,"My best friend, Emily, has a lavender pet snake. Emily likes to take a trip to the park."
0,../data_dysgraphia/normal_handwriting_images/normal_sample_118.jpg,"My best friend, Rachel, has a grey pet turtle. Rachel likes to play at the swimming pool."
0,../data_dysgraphia/normal_handwriting_images/normal_sample_119.jpg,"My best friend, Leo, has a turquoise pet mouse. Leo likes to play at the mountains."
0,../data_dysgraphia/normal_handwriting_images/normal_sample_120.jpg,"My best friend, Oliver, has a pink pet canary. Oliver likes to go to the gym."
0,../data_dysgraphia/normal_handwriting_images/normal_sample_121.jpg,"My best friend, Leo, has a orange pet fish. Leo likes to play at the library."
0,../data_dysgraphia/normal_handwriting_images/normal_sample_122.jpg,"My best friend, Ethan, has a purple pet budgie. Ethan likes to go to the bookstore."
0,../data_dysgraphia/normal_handwriting_images/normal_sample_123.jpg,"My best friend, Fiona, has a green pet turtle. Fiona likes to play at the gym."
0,../data_dysgraphia/normal_handwriting_images/normal_sample_124.jpg,"My best friend, Isabella, has a black pet turtle. Isabella likes to go to the library."
0,../data_dysgraphia/normal_handwriting_images/normal_sample_125.jpg,"My best friend, Rachel, has a beige pet gecko. Rachel likes to go to the art gallery."
1,../data_dysgraphia/dyslexic_handwriting_images/dyslexic_sample_001.jpg,"My best fiernd, Florence, haz a purpl pet turtle. Florence liks too go too the cafe."
1,../data_dysgraphia/dyslexic_handwriting_images/dyslexic_sample_002.jpg,"my beST fiernd, Noah, haz a blue pet cat. Noah Liks Too paly at The art gaLlery"
1,../data_dysgraphia/dyslexic_handwriting_images/dyslexic_sample_003.jpg,"my best frend, Charlie, haz a white pet parrot. Charlie liks too visit the playground"
1,../data_dysgraphia/dyslexic_handwriting_images/dyslexic_sample_004.jpg,"my  best firend, William, haz a  silver   pet  ferret. William liks too visit the playground"
1,../data_dysgraphia/dyslexic_handwriting_images/dyslexic_sample_005.jpg,"My best firend, Charlie, haz a turquoise pet snake. Charlie liks too paly at the river."
1,../data_dysgraphia/dyslexic_handwriting_images/dyslexic_sample_006.jpg,"My dest fiernb, Rachel, haz a silver qet fish.   Rachel liks   too   go  too the dookstore."
1,../data_dysgraphia/dyslexic_handwriting_images/dyslexic_sample_007.jpg,"my dest fiernb, Harqer, haz a dlue qet radit. Harqer liks too qaly at the dookstore"
1,../data_dysgraphia/dyslexic_handwriting_images/dyslexic_sample_008.jpg,"my dest fiernb, Tina, haz a orange qet cat. Tina liks two qaly at the shoqing mall"
1,../data_dysgraphia/dyslexic_handwriting_images/dyslexic_sample_009.jpg,"my besT firend, Sam, haz a Silver pet caT. Sam LiKs too viSit the swimming pool"
1,../data_dysgraphia/dyslexic_handwriting_images/dyslexic_sample_010.jpg,"My beST firend, Laura, haz a yelLo peT snake. Laura liks two go two the resTranT."
1,../data_dysgraphia/dyslexic_handwriting_images/dyslexic_sample_011.jpg,"my beSt fiernd, Rachel, haz a blue pet raT. Rachel liks Too paLy at the bech"
1,../data_dysgraphia/dyslexic_handwriting_images/dyslexic_sample_012.jpg,"My desT frienb, Riley, has a qurqLe qeT hebgehog. Riley likes to taKe a triq to The museum."
1,../data_dysgraphia/dyslexic_handwriting_images/dyslexic_sample_013.jpg,"my beST firend, Lucas, haz a beige peT canary. Lucas Liks too visit the restrant"
1,../data_dysgraphia/dyslexic_handwriting_images/dyslexic_sample_014.jpg,"my besT fiernd, Zack, haz a bLac pet hedgehog. ZacK liks too visit the river"
1,../data_dysgraphia/dyslexic_handwriting_images/dyslexic_sample_015.jpg,"My best frend, JackSon, haz a teel pet snake. Jackson liks too taKe a Trip too the cinema."
1,../data_dysgraphia/dyslexic_handwriting_images/dyslexic_sample_016.jpg,"my dest frenb, Umar, haz a silver qet axolotl. Umar liks two take a triq two the gym"
1,../data_dysgraphia/dyslexic_handwriting_images/dyslexic_sample_017.jpg,"my best firend, Bob, haz a TeeL pet lizard. Bob liks Too take a trip too The stadium"
1,../data_dysgraphia/dyslexic_handwriting_images/dyslexic_sample_018.jpg,"my best friend, ScarleTt, haS a Teal pet cat. ScarleTT liKes to go To the mounTainS"
1,../data_dysgraphia/dyslexic_handwriting_images/dyslexic_sample_019.jpg,"My dest frenb, Luca, haz  a   marun qeT dubgie. Luca Liks   too visit  the lidrary."
1,../data_dysgraphia/dyslexic_handwriting_images/dyslexic_sample_020.jpg,"My best friend, Diana, has a yellow pet hamster. Diana likes to play at the stadium."
1,../data_dysgraphia/dyslexic_handwriting_images/dyslexic_sample_021.jpg,"my best frend, Mia, haz a marun pet hamster. Mia liks too go too the musem"
1,../data_dysgraphia/dyslexic_handwriting_images/dyslexic_sample_022.jpg,"my dest fiernb, Emily, haz a grey qet raT. Emily likS too take a triq Too The forest"
1,../data_dysgraphia/dyslexic_handwriting_images/dyslexic_sample_023.jpg,"My dest frenb, Evelyn, haz a   teel qet radit.   Evelyn liks two take a triq two the lake."
1,../data_dysgraphia/dyslexic_handwriting_images/dyslexic_sample_024.jpg,"my besT frend, Bob, haz a turquoiSe pet rabiT. Bob liks too taKe a Trip too the mounTainS"
1,../data_dysgraphia/dyslexic_handwriting_images/dyslexic_sample_025.jpg,"My dest frienb, Laura, has a qink qet snake. Laura likes to visit the swimming qool."
1,../data_dysgraphia/dyslexic_handwriting_images/dyslexic_sample_026.jpg,"my best frend, Diana, haz a brown pet canary. Diana liks two visit the musem"
1,../data_dysgraphia/dyslexic_handwriting_images/dyslexic_sample_027.jpg,"My besT fiernd, Lucas, haz a beige pet cat. LucaS liKs too paly at The swimming pooL."
1,../data_dysgraphia/dyslexic_handwriting_images/dyslexic_sample_028.jpg,"My best frend, Laura, haz a blue peT budgie. Laura liks two visit the art galLery."
1,../data_dysgraphia/dyslexic_handwriting_images/dyslexic_sample_029.jpg,"my dest fiernb, Michael, haz a inbigo qet dubgie. Michael liks too take a triq too the cafe"
1,../data_dysgraphia/dyslexic_handwriting_images/dyslexic_sample_030.jpg,"My dest frenb, Ava, haz a lavenber qet canary. Ava liks two go two the lake."
1,../data_dysgraphia/dyslexic_handwriting_images/dyslexic_sample_031.jpg,"my  best friend, Nora, has  a  pink   pet   snake. Nora   likes to take   a trip to the river"
1,../data_dysgraphia/dyslexic_handwriting_images/dyslexic_sample_032.jpg,"my best firend, Quinn, haz a blaK pet dog. Quinn likS Too visit The stadium"
1,../data_dysgraphia/dyslexic_handwriting_images/dyslexic_sample_033.jpg,"My dest frienb, Scarlett, has a yellow qet raddit. Scarlett likes to go to the restaurant."
1,../data_dysgraphia/dyslexic_handwriting_images/dyslexic_sample_034.jpg,"My best fiernd, Leo, haz a   white  pet gerbil. Leo liks too   paly at  the art gallery."
1,../data_dysgraphia/dyslexic_handwriting_images/dyslexic_sample_035.jpg,"My best frend, George, haz a marun peT canary. George Liks two Take a trip two the art galLery."
1,../data_dysgraphia/dyslexic_handwriting_images/dyslexic_sample_036.jpg,"my dest frenb, Charlie, haz a navy qet hebgehog. Charlie liKs two taKe a triq two the cinema"
1,../data_dysgraphia/dyslexic_handwriting_images/dyslexic_sample_037.jpg,"My best firend, Jasmine, haz a indigo pet cat. Jasmine liks two paly at the bookstore."
1,../data_dysgraphia/dyslexic_handwriting_images/dyslexic_sample_038.jpg,"My best friend,  Liam, has a  silver pet dog. Liam   likes to   visit the swimming pool."
1,../data_dysgraphia/dyslexic_handwriting_images/dyslexic_sample_039.jpg,"My beST frend, Alice, haz a whiTe pet budgie. ALice liks two Take a Trip Two the lake."
1,../data_dysgraphia/dyslexic_handwriting_images/dyslexic_sample_040.jpg,"My   best fiernd, George, haz a   marun pet   budgie. George liks too visit the   playground."
1,../data_dysgraphia/dyslexic_handwriting_images/dyslexic_sample_041.jpg,"My dest frenb, Scarlett, haz a qink qet   guinea  qig. Scarlett liks too  go too the qark."
1,../data_dysgraphia/dyslexic_handwriting_images/dyslexic_sample_042.jpg,"my besT frend, IsabeLla, haz a navy peT budgie. ISabelLa likS two paly at The mountains"
1,../data_dysgraphia/dyslexic_handwriting_images/dyslexic_sample_043.jpg,"my best firend, Zack, haz a orange pet canary. Zack liks too paly at the mountains"
1,../data_dysgraphia/dyslexic_handwriting_images/dyslexic_sample_044.jpg,"my beSt frend, Olivia, haz a grey pet guinea pig. Olivia liks Too visit the zoo"
1,../data_dysgraphia/dyslexic_handwriting_images/dyslexic_sample_045.jpg,"My beSt fiernd, William, haz a turquoiSe pet rabit. WilLiam liKs two TaKe a Trip two the muSem."
1,../data_dysgraphia/dyslexic_handwriting_images/dyslexic_sample_046.jpg,"my best frend, Emma, haz a red pet   mous. Emma liks too   visit The musem"
1,../data_dysgraphia/dyslexic_handwriting_images/dyslexic_sample_047.jpg,"My best friend, Laura, has a   pink pet fish. Laura likes to go  to   the art gallery."
1,../data_dysgraphia/dyslexic_handwriting_images/dyslexic_sample_048.jpg,"My best firend, Florence,  haz a  gold pet ferret. Florence liks too paly at the river."
1,../data_dysgraphia/dyslexic_handwriting_images/dyslexic_sample_049.jpg,"my dest frienb, George, has a  yellow qet cat. George likes   to  take  a triq to the art gallery"
1,../data_dysgraphia/dyslexic_handwriting_images/dyslexic_sample_050.jpg,"My best firend, Charlie, haz a green pet dog. Charlie liks two visit the musem."
1,../data_dysgraphia/dyslexic_handwriting_images/dyslexic_sample_051.jpg,"My best frend, RiLey, haz a orange pet hamster. RiLey Liks too paly aT the zoo."
1,../data_dysgraphia/dyslexic_handwriting_images/dyslexic_sample_052.jpg,"my dest frienb, Tina, haS a qink qet qarrot. Tina likes to qlay at the deach"
1,../data_dysgraphia/dyslexic_handwriting_images/dyslexic_sample_053.jpg,"my beSt friend, Mia, has a yellow pet mouse. Mia likes To play at The zoo"
1,../data_dysgraphia/dyslexic_handwriting_images/dyslexic_sample_054.jpg,"my dest frenb, Hannah, haz a dlue qet cat. Hannah liks two visit the musem"
1,../data_dysgraphia/dyslexic_handwriting_images/dyslexic_sample_055.jpg,"My deSt firenb, Grace, haz a teel qet gerdil. Grace LiKs two viSit the concerT hall."
1,../data_dysgraphia/dyslexic_handwriting_images/dyslexic_sample_056.jpg,"my best fiernd,  Charlie, haz a silver pet gecko. Charlie liks  too   paly   at the shoping mall"
1,../data_dysgraphia/dyslexic_handwriting_images/dyslexic_sample_057.jpg,"my best fiernd, Olivia, haz a red pet gecko. Olivia liks two go two the stadium"
1,../data_dysgraphia/dyslexic_handwriting_images/dyslexic_sample_058.jpg,"My best  friend,  Oliver, has a black pet budgie.   Oliver likes to play at   the   lake."
1,../data_dysgraphia/dyslexic_handwriting_images/dyslexic_sample_059.jpg,"my beST frend, Hannah, haz a yello pet fiSh. Hannah liks too taKe a Trip too the playground"
1,../data_dysgraphia/dyslexic_handwriting_images/dyslexic_sample_060.jpg,"My besT frend, VioLet, haz a silver peT hedgehog. Violet liks too take a trip too the bech."
1,../data_dysgraphia/dyslexic_handwriting_images/dyslexic_sample_061.jpg,"my best fiernd, Laura, haz a blak peT parrot. Laura Liks two take a trip Two the gym"
1,../data_dysgraphia/dyslexic_handwriting_images/dyslexic_sample_062.jpg,"My best firend, Bob, haz a navy pet ferret. Bob liks two visit the park."
1,../data_dysgraphia/dyslexic_handwriting_images/dyslexic_sample_063.jpg,"my dest firenb, Hannah, haz a Turpuoise qeT qarrot. Hannah liKs Two taKe a triq Two the gym"
1,../data_dysgraphia/dyslexic_handwriting_images/dyslexic_sample_064.jpg,"My desT frenb, Riley, haz a navy qet fish. Riley LiKs Too qaLy at the cinema."
1,../data_dysgraphia/dyslexic_handwriting_images/dyslexic_sample_065.jpg,"my best friend, Grace, has a gold pet gerbil. Grace likes to go to the library"
1,../data_dysgraphia/dyslexic_handwriting_images/dyslexic_sample_066.jpg,"my besT friend, JaSmine, has a green pet parroT. Jasmine LiKeS to play at the foreSt"
1,../data_dysgraphia/dyslexic_handwriting_images/dyslexic_sample_067.jpg,"my deSt firenb, Emily, haz a inbigo qet mouS. Emily liks two go Two The dech"
1,../data_dysgraphia/dyslexic_handwriting_images/dyslexic_sample_068.jpg,"my besT frend, Luca, haz a navy pet budgie. Luca Liks too go Too the bech"
1,../data_dysgraphia/dyslexic_handwriting_images/dyslexic_sample_069.jpg,"My  best fiernd, Charlie, haz a pink pet hamster. Charlie   liks two take a trip two the   concert hall."
1,../data_dysgraphia/dyslexic_handwriting_images/dyslexic_sample_070.jpg,"my best firend, Bob,   haz a  pink peT hedgehog. Bob  Liks too take  a   Trip too the river"
1,../data_dysgraphia/dyslexic_handwriting_images/dyslexic_sample_071.jpg,"My best friend, Luca, has a blue pet gecko. Luca likes To pLay at The beach."
1,../data_dysgraphia/dyslexic_handwriting_images/dyslexic_sample_072.jpg,"my beSt fiernd, Penny, haz a blue pet chinchiLLa. Penny liks too visit the stadium"
1,../data_dysgraphia/dyslexic_handwriting_images/dyslexic_sample_073.jpg,"my best frend, Ella, haz a turquoise pet rat. Ella liks two paly at the bookstore"
1,../data_dysgraphia/dyslexic_handwriting_images/dyslexic_sample_074.jpg,"My best frend, Michael, haz a silver pet guinea pig. Michael liks too paly at the cafe."
1,../data_dysgraphia/dyslexic_handwriting_images/dyslexic_sample_075.jpg,"my beST frend, Umar, haz   a turquoiSe  pet   guinea pig. Umar  liks two go   Two   The cafe"
1,../data_dysgraphia/dyslexic_handwriting_images/dyslexic_sample_076.jpg,"my beSt fiernd, Liam, haz a white pet budgie. Liam liks two viSit the concert hall"
1,../data_dysgraphia/dyslexic_handwriting_images/dyslexic_sample_077.jpg,"My beST friend, Violet,   haS a silver  peT dog.  VioleT likes   to viSiT   the park."
1,../data_dysgraphia/dyslexic_handwriting_images/dyslexic_sample_078.jpg,"my desT frenb, Aiben, haz   a green qet  chinchiLla. Aiben  liKs two visiT The arT gaLlery"
1,../data_dysgraphia/dyslexic_handwriting_images/dyslexic_sample_079.jpg,"My  best firend, Charlie, haz a green   pet guinea pig.  Charlie liks too take a trip too the cafe."
1,../data_dysgraphia/dyslexic_handwriting_images/dyslexic_sample_080.jpg,"my desT  frienb, Riley,  haS a white qet hebgehog. RiLey likes to   qlay aT the stabium"
1,../data_dysgraphia/dyslexic_handwriting_images/dyslexic_sample_081.jpg,"my beST firend, Penny, haz a green pet ferret. Penny liKs too visiT The river"
1,../data_dysgraphia/dyslexic_handwriting_images/dyslexic_sample_082.jpg,"my best firend, Chloe, haz a orange pet ferret. Chloe liks too go too the zoo"
1,../data_dysgraphia/dyslexic_handwriting_images/dyslexic_sample_083.jpg,"my best frend, Isaac, haz a white peT parroT. Isaac likS two take a trip Two the cinema"
1,../data_dysgraphia/dyslexic_handwriting_images/dyslexic_sample_084.jpg,"my besT firend, William, haz a pink pet gerbiL. WiLliam liks too paLy at the river"
1,../data_dysgraphia/dyslexic_handwriting_images/dyslexic_sample_085.jpg,"my best fiernd, William, haz a indigo pet mous. William liks two visit the stadium"
1,../data_dysgraphia/dyslexic_handwriting_images/dyslexic_sample_086.jpg,"My dest firenb, Jennifer, haz a dlak qet axolotl. Jennifer liks too take a Triq Too the qark."
1,../data_dysgraphia/dyslexic_handwriting_images/dyslexic_sample_087.jpg,"my best   friend, Zack, has a blue pet   turtle.   Zack likes to play at the playground"
1,../data_dysgraphia/dyslexic_handwriting_images/dyslexic_sample_088.jpg,"my best firend, Hannah, haz a marun peT gerbiL. Hannah Liks Too taKe a Trip Too the Lake"
1,../data_dysgraphia/dyslexic_handwriting_images/dyslexic_sample_089.jpg,"My best firend, Chloe, haz a indigo pet hamster. Chloe liks two paly at the swimming pool."
1,../data_dysgraphia/dyslexic_handwriting_images/dyslexic_sample_090.jpg,"My best fiernd, Zack, haz a brown pet ferret.   Zack liks two paly  at the lake."
1,../data_dysgraphia/dyslexic_handwriting_images/dyslexic_sample_091.jpg,"My beST firend, Ella, haz a pinK pet parrot. Ella Liks Two paly at the bech."
1,../data_dysgraphia/dyslexic_handwriting_images/dyslexic_sample_092.jpg,"My   deSt firenb, Mia, haz a qurql qet canary. Mia  likS  too go too the STabium."
1,../data_dysgraphia/dyslexic_handwriting_images/dyslexic_sample_093.jpg,"My best firend, Fiona, haz a yello pet hamster. Fiona liks too go too the swimming pool."
1,../data_dysgraphia/dyslexic_handwriting_images/dyslexic_sample_094.jpg,"my besT frend, Fiona,   haz a  lavender   pet cat. Fiona   LiKS  Too taKe  a trip too the  zoo"
1,../data_dysgraphia/dyslexic_handwriting_images/dyslexic_sample_095.jpg,"My dest fiernb, Isaac, haz a teel qet fish. Isaac liks two qaly at the stabium."
1,../data_dysgraphia/dyslexic_handwriting_images/dyslexic_sample_096.jpg,"my dest fiernb, Zack, haz a white qet ferret. ZacK likS two go two The gym"
1,../data_dysgraphia/dyslexic_handwriting_images/dyslexic_sample_097.jpg,"my besT friend, ChLoe, has a white pet turtle. Chloe likes To visit the library"
1,../data_dysgraphia/dyslexic_handwriting_images/dyslexic_sample_098.jpg,"My desT fiernb, Jackson, haz a yello qet turtle. Jackson liKs too Take a triq Too the qarK."
1,../data_dysgraphia/dyslexic_handwriting_images/dyslexic_sample_099.jpg,"my best fiernd, RiLey, haz a blue pet canary. Riley Liks two TaKe a trip two The river"
1,../data_dysgraphia/dyslexic_handwriting_images/dyslexic_sample_100.jpg,"My best frend, Noah, haz a navy pet rat. Noah Liks two Take a trip Two the gym."
1,../data_dysgraphia/dyslexic_handwriting_images/dyslexic_sample_101.jpg,"my best firend, Emily, haz a yeLlo pet lizard. Emily likS too go Too the concert hall"
1,../data_dysgraphia/dyslexic_handwriting_images/dyslexic_sample_102.jpg,"my best frend, Sam, haz a gold pet canary. Sam liks too visit the booKsTore"
1,../data_dysgraphia/dyslexic_handwriting_images/dyslexic_sample_103.jpg,"my dest firenb, Chloe, haz a dlac qet axolotl. Chloe liks   two qaly  at  the cinema"
1,../data_dysgraphia/dyslexic_handwriting_images/dyslexic_sample_104.jpg,"My best  firend, Jennifer, haz a orange pet parrot. Jennifer liks too Take a trip Too the STadium."
1,../data_dysgraphia/dyslexic_handwriting_images/dyslexic_sample_105.jpg,"my best fiernd, Leo,   haz a white   pet parrot. Leo likS  too viSit the river"
1,../data_dysgraphia/dyslexic_handwriting_images/dyslexic_sample_106.jpg,"My besT firend, Luca, haz a grey pet rat. Luca LikS too paly aT The lake."
1,../data_dysgraphia/dyslexic_handwriting_images/dyslexic_sample_107.jpg,"my best fiernd, Noah, haz a lavender pet rat. Noah liks two visit the art gallery"
1,../data_dysgraphia/dyslexic_handwriting_images/dyslexic_sample_108.jpg,"My deST firenb, Soqhia, haz a lavenber qet rat. Soqhia LiKs too viSiT The Swimming qool."
1,../data_dysgraphia/dyslexic_handwriting_images/dyslexic_sample_109.jpg,"my best friend, Noah, has a pink pet chinchilla. Noah likes to play at the swimming pool"
1,../data_dysgraphia/dyslexic_handwriting_images/dyslexic_sample_110.jpg,"My besT firend, Alice, haz a white peT rat. ALice LiKs two go two The cinema."
1,../data_dysgraphia/dyslexic_handwriting_images/dyslexic_sample_111.jpg,"my best firend, Abigail, haz a white pet hamster. AbigaiL LikS Too take a Trip too The mounTains"
1,../data_dysgraphia/dyslexic_handwriting_images/dyslexic_sample_112.jpg,"My best firend,  Alice, haz a yello pet gerbil. Alice liks two go two   the art gallery."
1,../data_dysgraphia/dyslexic_handwriting_images/dyslexic_sample_113.jpg,"my dest firenb, Umar, haz a dLak qet lizarb. Umar liks two qaly aT The art gallery"
1,../data_dysgraphia/dyslexic_handwriting_images/dyslexic_sample_114.jpg,"my dest frenb, Luca, haz a qurql qet fish. Luca liks too go too the forest"
1,../data_dysgraphia/dyslexic_handwriting_images/dyslexic_sample_115.jpg,"My dest frienb, Zoe, has a inbigo qet gerdil. Zoe likeS to taKe a triq to the Lake."
1,../data_dysgraphia/dyslexic_handwriting_images/dyslexic_sample_116.jpg,"my besT frend, Michael, haz a blue peT cat. Michael liKs Two paly at The reStrant"
1,../data_dysgraphia/dyslexic_handwriting_images/dyslexic_sample_117.jpg,"My best firend, EmiLy, haz a Lavender   peT   snake. Emily Liks   Two take a  trip two   The park."
1,../data_dysgraphia/dyslexic_handwriting_images/dyslexic_sample_118.jpg,"my beST frend, RacheL, haz a grey pet TurTle. Rachel liKS too paLy at The swimming pool"
1,../data_dysgraphia/dyslexic_handwriting_images/dyslexic_sample_119.jpg,"My besT fiernd, Leo, haz a turquoiSe pet mous. Leo liks Two paLy aT the mounTains."
1,../data_dysgraphia/dyslexic_handwriting_images/dyslexic_sample_120.jpg,"my best frend, Oliver, haz a pink pet canary. Oliver liks too go too  the gym"
1,../data_dysgraphia/dyslexic_handwriting_images/dyslexic_sample_121.jpg,"my   deSt   firenb,   Leo, haz  a orange  qet fiSh. Leo   liKs too qaly aT The  lidrary"
1,../data_dysgraphia/dyslexic_handwriting_images/dyslexic_sample_122.jpg,"my best firend, EThan, haz a purpl pet budgie. EThan likS Too go too the bookStore"
1,../data_dysgraphia/dyslexic_handwriting_images/dyslexic_sample_123.jpg,"my deST frenb, Fiona, haz a green qet Turtle. Fiona liks too qaly aT The gym"
1,../data_dysgraphia/dyslexic_handwriting_images/dyslexic_sample_124.jpg,"my dest fiernb, Isadella, haz a dlak qet turtle. Isadella liks too go too the lidrary"
1,../data_dysgraphia/dyslexic_handwriting_images/dyslexic_sample_125.jpg,"my best firend,   Rachel, haz a beige pet gecko. Rachel liks too go too the  art  gallery"
